PRAGMA foreign_keys = ON;

BEGIN TRANSACTION;

INSERT INTO users (user_id, email, nickname, latitude, longitude, radius, created_at, updated_at) VALUES
(1, 'alice@swebook.local', 'alice', 37.5043000, 126.9563000, 300, '2026-06-01 09:00:00', '2026-06-01 09:00:00'),
(2, 'brian@swebook.local', 'brian', 37.5049000, 126.9566000, 300, '2026-06-01 09:05:00', '2026-06-01 09:05:00'),
(3, 'chloe@swebook.local', 'chloe', 37.5089718, 126.9636769, 500, '2026-06-01 09:10:00', '2026-06-01 09:10:00'),
(4, 'david@swebook.local', 'david', 37.5029000, 126.9499000, 700, '2026-06-01 09:15:00', '2026-06-01 09:15:00'),
(5, 'emma@swebook.local', 'emma', 37.4979000, 127.0276000, 1500, '2026-06-01 09:20:00', '2026-06-01 09:20:00'),
(6, 'frank@swebook.local', 'frank', 37.5036200, 126.9562000, 300, '2026-06-01 09:25:00', '2026-06-01 09:25:00'),
(7, 'grace@swebook.local', 'grace', 37.5080500, 126.9619000, 500, '2026-06-01 09:30:00', '2026-06-01 09:30:00'),
(8, 'henry@swebook.local', 'henry', 37.4979000, 127.0276000, 1500, '2026-06-01 09:35:00', '2026-06-01 09:35:00');

INSERT INTO categories (category_code, parent_code, type, name) VALUES
('100000', NULL, 'MAJOR', '컴퓨터공학'),
('101000', NULL, 'MAJOR', '인공지능학과'),
('102000', NULL, 'MAJOR', '소프트웨어학과'),
('103000', NULL, 'MAJOR', '전자공학'),
('100101', '100000', 'COURSE', '자료구조'),
('100102', '100000', 'COURSE', '알고리즘'),
('100103', '100000', 'COURSE', '운영체제'),
('100104', '100000', 'COURSE', '컴퓨터구조'),
('100105', '100000', 'COURSE', '데이터베이스'),
('100106', '100000', 'COURSE', '컴퓨터네트워크'),
('100107', '100000', 'COURSE', '시스템프로그래밍'),
('100108', '100000', 'COURSE', '프로그래밍언어론'),
('100109', '100000', 'COURSE', '소프트웨어공학'),
('100110', '100000', 'COURSE', '컴파일러'),
('101101', '101000', 'COURSE', '인공지능개론'),
('101102', '101000', 'COURSE', '머신러닝'),
('101103', '101000', 'COURSE', '딥러닝'),
('101104', '101000', 'COURSE', '자연어처리'),
('101105', '101000', 'COURSE', '컴퓨터비전'),
('101108', '101000', 'COURSE', '확률과통계'),
('101109', '101000', 'COURSE', '선형대수'),
('102101', '102000', 'COURSE', '객체지향프로그래밍'),
('102102', '102000', 'COURSE', '웹프로그래밍'),
('102107', '102000', 'COURSE', '클라우드컴퓨팅'),
('103102', '103000', 'COURSE', '전자회로'),
('103104', '103000', 'COURSE', '신호및시스템');

INSERT INTO books (book_id, title, author, publisher, edition, isbn, created_at) VALUES
(1, 'Database System Concepts', 'Abraham Silberschatz', 'McGraw Hill', '7th', '9780078022159', '2026-06-01 10:00:00'),
(2, 'Operating System Concepts', 'Abraham Silberschatz', 'Wiley', '10th', '9781119800361', '2026-06-01 10:01:00'),
(3, 'Introduction to Algorithms', 'Thomas H. Cormen', 'MIT Press', '4th', '9780262046305', '2026-06-01 10:02:00'),
(4, 'Computer Networking', 'James F. Kurose', 'Pearson', '8th', '9780136681557', '2026-06-01 10:03:00'),
(5, 'Clean Code', 'Robert C. Martin', 'Pearson', '1st', '9780132350884', '2026-06-01 10:04:00'),
(6, 'Software Engineering', 'Ian Sommerville', 'Pearson', '10th', '9780133943030', '2026-06-01 10:05:00'),
(7, 'Artificial Intelligence: A Modern Approach', 'Stuart Russell', 'Pearson', '4th', '9780134610993', '2026-06-01 10:06:00'),
(8, 'Pattern Recognition and Machine Learning', 'Christopher M. Bishop', 'Springer', '1st', '9780387310732', '2026-06-01 10:07:00'),
(9, 'Computer Systems: A Programmer''s Perspective', 'Randal E. Bryant', 'Pearson', '3rd', '9780134092669', '2026-06-01 10:08:00'),
(10, 'Compilers: Principles, Techniques, and Tools', 'Alfred V. Aho', 'Pearson', '2nd', '9780321486813', '2026-06-01 10:09:00'),
(11, 'Linear Algebra and Its Applications', 'Gilbert Strang', 'Cengage', '5th', '9780980232776', '2026-06-01 10:10:00'),
(12, 'Deep Learning', 'Ian Goodfellow', 'MIT Press', '1st', '9780262035613', '2026-06-01 10:11:00'),
(13, 'Web Programming with HTML5 CSS and JavaScript', 'John Dean', 'Jones & Bartlett', '1st', '9781284091793', '2026-06-01 10:12:00'),
(14, 'Cloud Native Patterns', 'Cornelia Davis', 'Manning', '1st', '9781617294297', '2026-06-01 10:13:00'),
(15, 'Microelectronic Circuits', 'Adel S. Sedra', 'Oxford', '8th', '9780190853464', '2026-06-01 10:14:00'),
(16, 'Signals and Systems', 'Alan V. Oppenheim', 'Pearson', '2nd', '9780138147570', '2026-06-01 10:15:00'),
(17, 'Probability and Statistics for Engineering', 'Jay L. Devore', 'Cengage', '9th', '9781305251809', '2026-06-01 10:16:00'),
(18, 'Calculus Early Transcendentals', 'James Stewart', 'Cengage', '9th', '9781337613927', '2026-06-01 10:17:00');

INSERT INTO trade_posts
(post_id, seller_id, book_id, category_code, price, description, status, place_name, latitude, longitude, radius, created_at, updated_at, deleted_at) VALUES
(1, 1, 1, '100105', 15000, '데이터베이스 전공 수업에서 한 학기 사용했습니다. 앞부분에 형광펜 표시가 조금 있습니다.', 'AVAILABLE', '중앙대학교 310관 인근', 37.5043000, 126.9563000, 300, '2026-06-06 09:40:00', '2026-06-06 09:40:00', NULL),
(2, 2, 2, '100103', 18000, '운영체제 과제 풀이할 때 참고했습니다. 필기는 거의 없습니다.', 'AVAILABLE', '중앙대학교 중앙도서관 인근', 37.5049000, 126.9566000, 300, '2026-06-06 09:35:00', '2026-06-06 09:35:00', NULL),
(3, 3, 3, '100102', 22000, '알고리즘 수업 교재입니다. 거래 요청이 수락되어 예약중입니다.', 'RESERVED', '중앙대학교 정문 인근', 37.5042200, 126.9571000, 300, '2026-06-06 09:30:00', '2026-06-06 09:30:00', NULL),
(4, 4, 4, '100106', 20000, '컴퓨터네트워크 책입니다. 판매 완료 상태 확인용 데이터입니다.', 'SOLD', '중앙대학교 학생회관 인근', 37.5051000, 126.9573000, 300, '2026-06-06 09:25:00', '2026-06-06 09:25:00', NULL),
(5, 5, 5, '102101', 12000, '객체지향프로그래밍 과제 때 같이 본 클린 코드입니다.', 'AVAILABLE', '흑석역 1번 출구', 37.5089718, 126.9636769, 500, '2026-06-06 09:20:00', '2026-06-06 09:20:00', NULL),
(6, 6, 6, '100109', 21000, '소프트웨어공학 팀플 수업에서 쓴 교재입니다. 표지 깨끗합니다.', 'AVAILABLE', '흑석시장 인근', 37.5080500, 126.9619000, 500, '2026-06-06 09:15:00', '2026-06-06 09:15:00', NULL),
(7, 7, 7, '101101', 28000, '인공지능개론 전공서입니다. 챕터별 포스트잇이 남아 있습니다.', 'AVAILABLE', '중앙대학교 R&D센터 인근', 37.5036200, 126.9562000, 300, '2026-06-06 09:10:00', '2026-06-06 09:10:00', NULL),
(8, 8, 8, '101102', 32000, '머신러닝 수업 PRML 교재입니다. 강남 스터디 모임 전후 거래 가능합니다.', 'AVAILABLE', '강남역 10번 출구', 37.4979000, 127.0276000, 1500, '2026-06-06 09:05:00', '2026-06-06 09:05:00', NULL),
(9, 1, 9, '100104', 24000, '컴퓨터구조 수업 CSAPP 교재입니다. alice 판매글 요청 목록 확인용입니다.', 'AVAILABLE', '상도역 중앙대입구 방면', 37.5029000, 126.9499000, 700, '2026-06-06 09:00:00', '2026-06-06 09:00:00', NULL),
(10, 2, 10, '100110', 14000, '컴파일러 전공서입니다. 일부 밑줄 있습니다.', 'AVAILABLE', '중앙대학교 204관 인근', 37.5038500, 126.9576000, 300, '2026-06-05 18:55:00', '2026-06-05 18:55:00', NULL),
(11, 3, 11, '101109', 16000, '선형대수 교재입니다. 이미 수락된 요청이 있어 예약중입니다.', 'RESERVED', '흑석역 3번 출구', 37.5077000, 126.9630000, 500, '2026-06-05 18:50:00', '2026-06-05 18:50:00', NULL),
(12, 4, 12, '101103', 30000, '딥러닝 수업 교재입니다. 실습 노트 없이 책만 판매합니다.', 'AVAILABLE', '중앙대학교 병원 인근', 37.5066500, 126.9602500, 500, '2026-06-05 18:45:00', '2026-06-05 18:45:00', NULL),
(13, 5, 13, '102102', 9000, '웹프로그래밍 참고서입니다. 빠른 거래 가능합니다.', 'AVAILABLE', '상도역 5번 출구', 37.5025000, 126.9493000, 700, '2026-06-05 18:40:00', '2026-06-05 18:40:00', NULL),
(14, 6, 14, '102107', 26000, '클라우드컴퓨팅 발표 준비하며 사용했습니다.', 'AVAILABLE', '강남역 스터디카페 거리', 37.4987000, 127.0289000, 1500, '2026-06-05 18:35:00', '2026-06-05 18:35:00', NULL),
(15, 7, 15, '103102', 35000, '전자회로 교재입니다. 흑석 근처에서 거래합니다.', 'AVAILABLE', '중앙대학교 약학대학 인근', 37.5058500, 126.9577500, 300, '2026-06-05 18:30:00', '2026-06-05 18:30:00', NULL),
(16, 8, 16, '103104', 19000, '신호및시스템 교재입니다. 판매 완료 상태 확인용입니다.', 'SOLD', '강남역 11번 출구', 37.4982000, 127.0272000, 1500, '2026-06-05 18:25:00', '2026-06-05 18:25:00', NULL),
(17, 1, 17, '101108', 13000, '확률과통계 전공서입니다. alice 판매글입니다.', 'AVAILABLE', '중앙대학교 102관 인근', 37.5053500, 126.9569000, 300, '2026-06-05 18:20:00', '2026-06-05 18:20:00', NULL),
(18, 2, 18, '100107', 16000, '시스템프로그래밍 수업 때 같이 본 미적분 참고서입니다.', 'AVAILABLE', '중앙대학교 308관 인근', 37.5040500, 126.9558000, 300, '2026-06-05 18:15:00', '2026-06-05 18:15:00', NULL),
(19, 1, 5, '100109', 7777, 'soft delete 필터 확인용 숨김 판매글입니다.', 'AVAILABLE', '중앙대학교 후문 인근', 37.5056500, 126.9549000, 300, '2026-06-05 18:10:00', '2026-06-05 18:10:00', '2026-06-06 08:00:00');

INSERT INTO book_images (image_id, post_id, image_url, sort_order, created_at) VALUES
(1, 1, '/seed-covers/book-cover.svg', 0, '2026-06-06 09:40:10'),
(2, 1, '/seed-covers/book-cover.svg', 1, '2026-06-06 09:40:11'),
(3, 2, '/seed-covers/book-cover.svg', 0, '2026-06-06 09:35:10'),
(4, 2, '/seed-covers/book-cover.svg', 1, '2026-06-06 09:35:11'),
(5, 3, '/seed-covers/book-cover.svg', 0, '2026-06-06 09:30:10'),
(6, 4, '/seed-covers/book-cover.svg', 0, '2026-06-06 09:25:10'),
(7, 5, '/seed-covers/book-cover.svg', 0, '2026-06-06 09:20:10'),
(8, 6, '/seed-covers/book-cover.svg', 0, '2026-06-06 09:15:10'),
(9, 7, '/seed-covers/book-cover.svg', 0, '2026-06-06 09:10:10'),
(10, 8, '/seed-covers/book-cover.svg', 0, '2026-06-06 09:05:10'),
(11, 9, '/seed-covers/book-cover.svg', 0, '2026-06-06 09:00:10'),
(12, 10, '/seed-covers/book-cover.svg', 0, '2026-06-05 18:55:10'),
(13, 11, '/seed-covers/book-cover.svg', 0, '2026-06-05 18:50:10'),
(14, 12, '/seed-covers/book-cover.svg', 0, '2026-06-05 18:45:10'),
(15, 13, '/seed-covers/book-cover.svg', 0, '2026-06-05 18:40:10'),
(16, 14, '/seed-covers/book-cover.svg', 0, '2026-06-05 18:35:10'),
(17, 15, '/seed-covers/book-cover.svg', 0, '2026-06-05 18:30:10'),
(18, 16, '/seed-covers/book-cover.svg', 0, '2026-06-05 18:25:10'),
(19, 17, '/seed-covers/book-cover.svg', 0, '2026-06-05 18:20:10'),
(20, 18, '/seed-covers/book-cover.svg', 0, '2026-06-05 18:15:10');

INSERT INTO trade_available_time (available_time_id, post_id, start_at, end_at) VALUES
(1, 1, '2026-06-08 10:00:00', '2026-06-08 11:00:00'),
(2, 1, '2026-06-08 18:00:00', '2026-06-08 19:00:00'),
(3, 2, '2026-06-09 13:00:00', '2026-06-09 14:00:00'),
(4, 2, '2026-06-09 19:00:00', '2026-06-09 20:00:00'),
(5, 3, '2026-06-10 11:00:00', '2026-06-10 12:00:00'),
(6, 3, '2026-06-10 17:00:00', '2026-06-10 18:00:00'),
(7, 4, '2026-06-11 12:00:00', '2026-06-11 13:00:00'),
(8, 4, '2026-06-11 20:00:00', '2026-06-11 21:00:00'),
(9, 5, '2026-06-12 09:00:00', '2026-06-12 10:00:00'),
(10, 5, '2026-06-12 16:00:00', '2026-06-12 17:00:00'),
(11, 6, '2026-06-13 10:00:00', '2026-06-13 11:00:00'),
(12, 6, '2026-06-13 18:30:00', '2026-06-13 19:30:00'),
(13, 7, '2026-06-14 14:00:00', '2026-06-14 15:00:00'),
(14, 7, '2026-06-14 19:00:00', '2026-06-14 20:00:00'),
(15, 8, '2026-06-15 15:00:00', '2026-06-15 16:00:00'),
(16, 8, '2026-06-15 18:00:00', '2026-06-15 19:00:00'),
(17, 9, '2026-06-16 11:00:00', '2026-06-16 12:00:00'),
(18, 9, '2026-06-16 17:00:00', '2026-06-16 18:00:00'),
(19, 10, '2026-06-17 10:00:00', '2026-06-17 11:00:00'),
(20, 10, '2026-06-17 16:00:00', '2026-06-17 17:00:00'),
(21, 11, '2026-06-18 12:00:00', '2026-06-18 13:00:00'),
(22, 11, '2026-06-18 18:00:00', '2026-06-18 19:00:00'),
(23, 12, '2026-06-19 09:30:00', '2026-06-19 10:30:00'),
(24, 12, '2026-06-19 19:00:00', '2026-06-19 20:00:00'),
(25, 13, '2026-06-20 13:00:00', '2026-06-20 14:00:00'),
(26, 13, '2026-06-20 18:00:00', '2026-06-20 19:00:00'),
(27, 14, '2026-06-21 10:00:00', '2026-06-21 11:00:00'),
(28, 14, '2026-06-21 20:00:00', '2026-06-21 21:00:00'),
(29, 15, '2026-06-22 11:00:00', '2026-06-22 12:00:00'),
(30, 15, '2026-06-22 17:00:00', '2026-06-22 18:00:00'),
(31, 16, '2026-06-23 12:00:00', '2026-06-23 13:00:00'),
(32, 16, '2026-06-23 19:00:00', '2026-06-23 20:00:00'),
(33, 17, '2026-06-24 10:00:00', '2026-06-24 11:00:00'),
(34, 17, '2026-06-24 18:00:00', '2026-06-24 19:00:00'),
(35, 18, '2026-06-25 11:00:00', '2026-06-25 12:00:00'),
(36, 18, '2026-06-25 17:00:00', '2026-06-25 18:00:00');

INSERT INTO trade_requests
(request_id, user_id, post_id, available_time_id, status, created_at, updated_at) VALUES
(1, 5, 1, 1, 'PENDING', '2026-06-06 10:00:00', '2026-06-06 10:00:00'),
(2, 1, 2, 3, 'PENDING', '2026-06-06 10:05:00', '2026-06-06 10:05:00'),
(3, 4, 3, 5, 'ACCEPTED', '2026-06-06 10:10:00', '2026-06-06 10:10:00'),
(4, 2, 3, 6, 'REJECTED', '2026-06-06 10:15:00', '2026-06-06 10:15:00'),
(5, 3, 11, 21, 'ACCEPTED', '2026-06-06 10:20:00', '2026-06-06 10:20:00'),
(6, 5, 9, 17, 'PENDING', '2026-06-06 10:25:00', '2026-06-06 10:25:00'),
(7, 1, 8, 15, 'PENDING', '2026-06-06 10:30:00', '2026-06-06 10:30:00'),
(8, 4, 10, 19, 'PENDING', '2026-06-06 10:35:00', '2026-06-06 10:35:00'),
(9, 6, 4, 7, 'ACCEPTED', '2026-06-06 10:40:00', '2026-06-06 10:40:00');

COMMIT;
