SET NAMES utf8mb4 COLLATE utf8mb4_unicode_ci;

INSERT INTO `users` (`email`, `nickname`, `latitude`, `longitude`, `radius`) VALUES
('alice@swebook.local', 'alice', 37.5665000, 126.9780000, 1500),
('brian@swebook.local', 'brian', 37.5700000, 126.9820000, 1200),
('chloe@swebook.local', 'chloe', 37.5580000, 126.9368000, 1800),
('david@swebook.local', 'david', 37.5512000, 126.9245000, 1000),
('emma@swebook.local', 'emma', 37.5826000, 127.0094000, 2000),
('frank@swebook.local', 'frank', 37.4979000, 127.0276000, 1600),
('grace@swebook.local', 'grace', 37.5045000, 127.0490000, 1400),
('henry@swebook.local', 'henry', 37.5172000, 127.0473000, 1300),
('irene@swebook.local', 'irene', 37.5437000, 127.0771000, 1700),
('jason@swebook.local', 'jason', 37.5900000, 127.0165000, 1100);

INSERT INTO `categories` (`category_code`, `parent_code`, `type`, `name`) VALUES
('100000', NULL, 'MAJOR', '컴퓨터공학'),
('101000', NULL, 'MAJOR', '인공지능학과'),
('102000', NULL, 'MAJOR', '소프트웨어학과'),
('103000', NULL, 'MAJOR', '전자공학'),
('104000', NULL, 'MAJOR', '전기공학'),
('105000', NULL, 'MAJOR', '기계공학'),
('106000', NULL, 'MAJOR', '산업공학'),
('107000', NULL, 'MAJOR', '화학공학'),
('108000', NULL, 'MAJOR', '건축공학'),
('109000', NULL, 'MAJOR', '토목공학'),
('110000', NULL, 'MAJOR', '정보통신공학'),
('111000', NULL, 'MAJOR', '로봇공학'),
('100101', '100000', 'COURSE', '자료구조'),
('100102', '100000', 'COURSE', '알고리즘'),
('100103', '100000', 'COURSE', '운영체제'),
('100104', '100000', 'COURSE', '컴퓨터구조'),
('100105', '100000', 'COURSE', '데이터베이스'),
('100106', '100000', 'COURSE', '컴퓨터네트워크'),
('100107', '100000', 'COURSE', '시스템프로그래밍'),
('100108', '100000', 'COURSE', '프로그래밍언어론'),
('100109', '100000', 'COURSE', '소프트웨어공학'),
('100110', '100000', 'COURSE', '컴파일러'),
('101101', '101000', 'COURSE', '인공지능개론'),
('101102', '101000', 'COURSE', '머신러닝'),
('101103', '101000', 'COURSE', '딥러닝'),
('101104', '101000', 'COURSE', '자연어처리'),
('101105', '101000', 'COURSE', '컴퓨터비전'),
('101106', '101000', 'COURSE', '강화학습'),
('101107', '101000', 'COURSE', '데이터마이닝'),
('101108', '101000', 'COURSE', '확률과통계'),
('101109', '101000', 'COURSE', '선형대수'),
('101110', '101000', 'COURSE', 'AI응용프로그래밍'),
('102101', '102000', 'COURSE', '객체지향프로그래밍'),
('102102', '102000', 'COURSE', '웹프로그래밍'),
('102103', '102000', 'COURSE', '모바일프로그래밍'),
('102104', '102000', 'COURSE', '소프트웨어설계'),
('102105', '102000', 'COURSE', '소프트웨어테스팅'),
('102106', '102000', 'COURSE', '데브옵스'),
('102107', '102000', 'COURSE', '클라우드컴퓨팅'),
('102108', '102000', 'COURSE', '오픈소스소프트웨어'),
('102109', '102000', 'COURSE', '정보보안'),
('102110', '102000', 'COURSE', '캡스톤디자인'),
('103101', '103000', 'COURSE', '회로이론'),
('103102', '103000', 'COURSE', '전자회로'),
('103103', '103000', 'COURSE', '디지털논리회로'),
('103104', '103000', 'COURSE', '신호및시스템'),
('103105', '103000', 'COURSE', '마이크로프로세서'),
('103106', '103000', 'COURSE', '반도체공학'),
('103107', '103000', 'COURSE', '통신공학'),
('103108', '103000', 'COURSE', '제어공학'),
('103109', '103000', 'COURSE', '임베디드시스템'),
('103110', '103000', 'COURSE', '전자기학'),
('104101', '104000', 'COURSE', '전기회로'),
('104102', '104000', 'COURSE', '전력공학'),
('104103', '104000', 'COURSE', '전기기기'),
('104104', '104000', 'COURSE', '전력전자'),
('104105', '104000', 'COURSE', '제어시스템'),
('104106', '104000', 'COURSE', '고전압공학'),
('104107', '104000', 'COURSE', '전기설비'),
('104108', '104000', 'COURSE', '스마트그리드'),
('104109', '104000', 'COURSE', '신재생에너지공학'),
('104110', '104000', 'COURSE', '전기전자재료'),
('105101', '105000', 'COURSE', '정역학'),
('105102', '105000', 'COURSE', '동역학'),
('105103', '105000', 'COURSE', '재료역학'),
('105104', '105000', 'COURSE', '열역학'),
('105105', '105000', 'COURSE', '유체역학'),
('105106', '105000', 'COURSE', '기계설계'),
('105107', '105000', 'COURSE', '자동제어'),
('105108', '105000', 'COURSE', '기계진동'),
('105109', '105000', 'COURSE', '생산공학'),
('105110', '105000', 'COURSE', 'CAD/CAM'),
('106101', '106000', 'COURSE', '경영과학'),
('106102', '106000', 'COURSE', '생산관리'),
('106103', '106000', 'COURSE', '품질경영'),
('106104', '106000', 'COURSE', '인간공학'),
('106105', '106000', 'COURSE', '시뮬레이션'),
('106106', '106000', 'COURSE', '데이터분석'),
('106107', '106000', 'COURSE', '공급망관리'),
('106108', '106000', 'COURSE', '최적화이론'),
('106109', '106000', 'COURSE', '기술경영'),
('106110', '106000', 'COURSE', '스마트팩토리'),
('107101', '107000', 'COURSE', '화공양론'),
('107102', '107000', 'COURSE', '물리화학'),
('107103', '107000', 'COURSE', '유기화학'),
('107104', '107000', 'COURSE', '화공열역학'),
('107105', '107000', 'COURSE', '반응공학'),
('107106', '107000', 'COURSE', '분리공정'),
('107107', '107000', 'COURSE', '공정제어'),
('107108', '107000', 'COURSE', '고분자공학'),
('107109', '107000', 'COURSE', '생물화학공학'),
('107110', '107000', 'COURSE', '에너지공학'),
('108101', '108000', 'COURSE', '건축구조'),
('108102', '108000', 'COURSE', '건축재료'),
('108103', '108000', 'COURSE', '건축시공'),
('108104', '108000', 'COURSE', '건축환경'),
('108105', '108000', 'COURSE', '철근콘크리트구조'),
('108106', '108000', 'COURSE', '강구조'),
('108107', '108000', 'COURSE', '건축설비'),
('108108', '108000', 'COURSE', '건설관리'),
('108109', '108000', 'COURSE', 'BIM'),
('108110', '108000', 'COURSE', '건축법규'),
('109101', '109000', 'COURSE', '측량학'),
('109102', '109000', 'COURSE', '토질역학'),
('109103', '109000', 'COURSE', '수리학'),
('109104', '109000', 'COURSE', '구조역학'),
('109105', '109000', 'COURSE', '철근콘크리트공학'),
('109106', '109000', 'COURSE', '교량공학'),
('109107', '109000', 'COURSE', '도로공학'),
('109108', '109000', 'COURSE', '상하수도공학'),
('109109', '109000', 'COURSE', '지반공학'),
('109110', '109000', 'COURSE', '건설재료학'),
('110101', '110000', 'COURSE', '통신이론'),
('110102', '110000', 'COURSE', '디지털통신'),
('110103', '110000', 'COURSE', '무선통신'),
('110104', '110000', 'COURSE', '네트워크프로그래밍'),
('110105', '110000', 'COURSE', '정보이론'),
('110106', '110000', 'COURSE', '이동통신'),
('110107', '110000', 'COURSE', '사물인터넷'),
('110108', '110000', 'COURSE', '네트워크보안'),
('110109', '110000', 'COURSE', '데이터통신'),
('110110', '110000', 'COURSE', '통신시스템설계'),
('111101', '111000', 'COURSE', '로봇공학개론'),
('111102', '111000', 'COURSE', '로봇제어'),
('111103', '111000', 'COURSE', '로봇운동학'),
('111104', '111000', 'COURSE', '센서공학'),
('111105', '111000', 'COURSE', '메카트로닉스'),
('111106', '111000', 'COURSE', '자율주행시스템'),
('111107', '111000', 'COURSE', '인공지능로봇'),
('111108', '111000', 'COURSE', '제어프로그래밍'),
('111109', '111000', 'COURSE', '로봇비전'),
('111110', '111000', 'COURSE', '휴머노이드로봇');

INSERT INTO `books` (`title`, `author`, `publisher`, `edition`, `isbn`) VALUES
('Introduction to Algorithms', 'Thomas H. Cormen', 'MIT Press', '4th', '9780262046305'),
('Computer Networking', 'James F. Kurose', 'Pearson', '8th', '9780136681557'),
('Database System Concepts', 'Abraham Silberschatz', 'McGraw Hill', '7th', '9780078022159'),
('Clean Code', 'Robert C. Martin', 'Pearson', '1st', '9780132350884'),
('Microelectronic Circuits', 'Adel S. Sedra', 'Oxford', '8th', '9780190853464'),
('Signals and Systems', 'Alan V. Oppenheim', 'Pearson', '2nd', '9780138147570'),
('Calculus Early Transcendentals', 'James Stewart', 'Cengage', '9th', '9781337613927'),
('Linear Algebra and Its Applications', 'Gilbert Strang', 'Cengage', '5th', '9780980232776'),
('Financial Accounting', 'Robert Libby', 'McGraw Hill', '10th', '9781260247932'),
('They Say I Say', 'Gerald Graff', 'Norton', '5th', '9780393538700');

INSERT INTO `trade_posts`
(`seller_id`, `book_id`, `category_code`, `price`, `description`, `status`, `place_name`, `latitude`, `longitude`, `radius`) VALUES
(1, 1, '100101', 42000, 'Used for one semester. Minor highlights.', 'AVAILABLE', 'Seoul City Hall Station Exit 5', 37.5651000, 126.9789000, 500),
(2, 2, '100106', 36000, 'Cover has light wear.', 'AVAILABLE', 'Gwanghwamun Square', 37.5759000, 126.9768000, 700),
(3, 3, '100105', 39000, 'Database textbook with notes.', 'RESERVED', 'Sinchon Station', 37.5552000, 126.9368000, 600),
(4, 4, '102101', 18000, 'Clean Code paperback.', 'SOLD', 'Hongik University Station', 37.5575000, 126.9244000, 800),
(5, 5, '103102', 51000, 'No writing inside.', 'AVAILABLE', 'Hyehwa Station', 37.5822000, 127.0019000, 900),
(6, 6, '103104', 33000, 'Includes formula sheet.', 'AVAILABLE', 'Gangnam Station', 37.4979000, 127.0276000, 700),
(7, 7, '101109', 30000, 'Several solved examples marked.', 'RESERVED', 'Seolleung Station', 37.5045000, 127.0490000, 650),
(8, 8, '101109', 28000, 'Good condition.', 'AVAILABLE', 'Cheongdam Station', 37.5194000, 127.0530000, 600),
(9, 9, '106102', 25000, 'Accounting textbook with workbook.', 'AVAILABLE', 'Konkuk Univ. Station', 37.5404000, 127.0692000, 750),
(10, 10, '100109', 12000, 'Writing course book.', 'AVAILABLE', 'Sungshin Women Univ. Station', 37.5927000, 127.0165000, 500),
(1, 1, '100101', 18000, '운영체제 전공서적 판매합니다. 필기 조금 있습니다.', 'AVAILABLE', '중앙대학교 정문 인근', 37.5042200, 126.9571000, 300),
(2, 2, '100102', 22000, '데이터베이스 수업 교재입니다.', 'AVAILABLE', '중앙대학교 중앙도서관 인근', 37.5049000, 126.9566000, 300),
(3, 3, '100103', 15000, '컴퓨터네트워크 책 판매합니다.', 'AVAILABLE', '중앙대학교 310관 인근', 37.5043000, 126.9563000, 300),
(4, 4, '100104', 20000, '알고리즘 교재 판매합니다.', 'AVAILABLE', '중앙대학교 학생회관 인근', 37.5051000, 126.9573000, 300),
(5, 5, '100105', 17000, '소프트웨어공학 교재 판매합니다.', 'AVAILABLE', '흑석역 인근', 37.5089718, 126.9636769, 500),
(6, 6, '100106', 24000, '컴퓨터네트워크 전공서적입니다. 표지 사용감 있습니다.', 'AVAILABLE', '중앙대학교 후문 인근', 37.5056500, 126.9549000, 300),
(7, 7, '100107', 16000, '시스템프로그래밍 교재 판매합니다.', 'AVAILABLE', '중앙대학교 308관 인근', 37.5040500, 126.9558000, 300),
(8, 8, '100108', 19000, '프로그래밍언어론 수업 교재입니다.', 'RESERVED', '중앙대학교 301관 인근', 37.5047800, 126.9555000, 300),
(9, 9, '100109', 21000, '소프트웨어공학 교재 깨끗합니다.', 'AVAILABLE', '중앙대학교 102관 인근', 37.5053500, 126.9569000, 300),
(10, 10, '100110', 14000, '컴파일러 교재 판매합니다. 일부 밑줄 있습니다.', 'AVAILABLE', '중앙대학교 204관 인근', 37.5038500, 126.9576000, 300),
(1, 3, '101101', 23000, '인공지능개론 교재 판매합니다.', 'AVAILABLE', '중앙대학교 R&D센터 인근', 37.5036200, 126.9562000, 300),
(2, 4, '101102', 26000, '머신러닝 교재입니다. 필기 거의 없습니다.', 'RESERVED', '중앙대학교 약학대학 인근', 37.5058500, 126.9577500, 300),
(3, 5, '101103', 28000, '딥러닝 교재 판매합니다.', 'AVAILABLE', '중앙대학교 병원 인근', 37.5066500, 126.9602500, 500),
(4, 6, '102102', 12000, '웹프로그래밍 참고서 판매합니다.', 'AVAILABLE', '상도역 방면 중앙대 입구', 37.5029000, 126.9499000, 700),
(5, 7, '102107', 25000, '클라우드컴퓨팅 전공서적 판매합니다.', 'AVAILABLE', '흑석시장 인근', 37.5080500, 126.9619000, 500);

INSERT INTO `book_images` (`post_id`, `image_url`, `sort_order`) VALUES
(1, 'https://example.com/images/posts/1/main.jpg', 0),
(1, 'https://example.com/images/posts/1/detail.jpg', 1),
(2, 'https://example.com/images/posts/2/main.jpg', 0),
(2, 'https://example.com/images/posts/2/detail.jpg', 1),
(3, 'https://example.com/images/posts/3/main.jpg', 0),
(3, 'https://example.com/images/posts/3/detail.jpg', 1),
(4, 'https://example.com/images/posts/4/main.jpg', 0),
(4, 'https://example.com/images/posts/4/detail.jpg', 1),
(5, 'https://example.com/images/posts/5/main.jpg', 0),
(5, 'https://example.com/images/posts/5/detail.jpg', 1),
(6, 'https://example.com/images/posts/6/main.jpg', 0),
(6, 'https://example.com/images/posts/6/detail.jpg', 1),
(7, 'https://example.com/images/posts/7/main.jpg', 0),
(7, 'https://example.com/images/posts/7/detail.jpg', 1),
(8, 'https://example.com/images/posts/8/main.jpg', 0),
(8, 'https://example.com/images/posts/8/detail.jpg', 1),
(9, 'https://example.com/images/posts/9/main.jpg', 0),
(9, 'https://example.com/images/posts/9/detail.jpg', 1),
(10, 'https://example.com/images/posts/10/main.jpg', 0),
(10, 'https://example.com/images/posts/10/detail.jpg', 1);

INSERT INTO `trade_available_time` (`post_id`, `start_at`, `end_at`) VALUES
(1, '2026-06-05 10:00:00', '2026-06-05 11:00:00'),
(1, '2026-06-05 18:00:00', '2026-06-05 19:00:00'),
(2, '2026-06-06 13:00:00', '2026-06-06 14:00:00'),
(2, '2026-06-06 19:00:00', '2026-06-06 20:00:00'),
(3, '2026-06-07 11:00:00', '2026-06-07 12:00:00'),
(3, '2026-06-07 17:00:00', '2026-06-07 18:00:00'),
(4, '2026-06-08 12:00:00', '2026-06-08 13:00:00'),
(4, '2026-06-08 20:00:00', '2026-06-08 21:00:00'),
(5, '2026-06-09 09:00:00', '2026-06-09 10:00:00'),
(5, '2026-06-09 16:00:00', '2026-06-09 17:00:00'),
(6, '2026-06-10 10:00:00', '2026-06-10 11:00:00'),
(6, '2026-06-10 18:30:00', '2026-06-10 19:30:00'),
(7, '2026-06-11 14:00:00', '2026-06-11 15:00:00'),
(7, '2026-06-11 19:00:00', '2026-06-11 20:00:00'),
(8, '2026-06-12 15:00:00', '2026-06-12 16:00:00'),
(8, '2026-06-12 18:00:00', '2026-06-12 19:00:00'),
(9, '2026-06-13 11:00:00', '2026-06-13 12:00:00'),
(9, '2026-06-13 17:00:00', '2026-06-13 18:00:00'),
(10, '2026-06-14 10:00:00', '2026-06-14 11:00:00'),
(10, '2026-06-14 16:00:00', '2026-06-14 17:00:00');

INSERT INTO `trade_requests` (`user_id`, `post_id`, `available_time_id`, `status`) VALUES
(2, 1, 1, 'PENDING'),
(3, 2, 3, 'ACCEPTED'),
(4, 3, 5, 'PENDING'),
(5, 4, 7, 'REJECTED'),
(6, 5, 9, 'PENDING'),
(7, 6, 11, 'ACCEPTED'),
(8, 7, 13, 'PENDING'),
(9, 8, 15, 'REJECTED'),
(10, 9, 17, 'PENDING'),
(1, 10, 19, 'ACCEPTED');
